Rk,Player,Position,Age,Team,Games,Minutes played per game,Field Goal Percentage,Points per game
1,¨¢lex Abrines,SG,25,OKC,31,19,0.357,5.3
2,Quincy Acy,PF,28,PHO,10,12.3,0.222,1.7
3,Jaylen Adams,PG,22,ATL,34,12.6,0.345,3.2
4,Steven Adams,C,25,OKC,80,33.4,0.595,13.9
5,Bam Adebayo,C,21,MIA,82,23.3,0.576,8.9
6,Deng Adel,SF,21,CLE,19,10.2,0.306,1.7
7,DeVaughn Akoon-Purcell,SG,25,DEN,7,3.1,0.3,1
8,LaMarcus Aldridge,C,33,SAS,81,33.2,0.519,21.3
9,Rawle Alkins,SG,21,CHI,10,12,0.333,3.7
10,Grayson Allen,SG,23,UTA,38,10.9,0.376,5.6
11,Jarrett Allen,C,20,BRK,80,26.2,0.59,10.9
12,Kadeem Allen,PG,26,NYK,19,21.9,0.461,9.9
13,Al-Farouq Aminu,PF,28,POR,81,28.3,0.433,9.4
14,Justin Anderson,SF,25,ATL,48,9.6,0.408,3.7
15,Kyle Anderson,SF,25,MEM,43,29.8,0.543,8
16,Ryan Anderson,PF,30,TOT,25,12.9,0.304,2.5
17,Ike Anigbogu,C,20,IND,3,2,0,0
18,Giannis Antetokounmpo,PF,24,MIL,72,32.8,0.578,27.7
19,Kostas Antetokounmpo,PF,21,DAL,2,5.5,0,1
20,Carmelo Anthony,PF,34,HOU,10,29.4,0.405,13.4
21,OG Anunoby,SF,21,TOR,67,20.2,0.453,7
22,Ryan Arcidiacono,PG,24,CHI,81,24.2,0.447,6.7
23,Trevor Ariza,SF,33,TOT,69,34,0.399,12.5
24,D.J. Augustin,PG,31,ORL,81,28,0.47,11.7
25,Deandre Ayton,C,20,PHO,71,30.7,0.585,16.3
26,Dwayne Bacon,SG,23,CHO,43,17.7,0.475,7.3
27,Marvin Bagley III,PF,19,SAC,62,25.3,0.504,14.9
28,Ron Baker,SG,25,TOT,15,10.1,0.2,0.9
29,Wade Baldwin,PG,22,POR,16,5.9,0.303,1.9
30,Lonzo Ball,PG,21,LAL,47,30.3,0.406,9.9
31,Mo Bamba,C,20,ORL,47,16.3,0.481,6.2
32,J.J. Barea,PG,34,DAL,38,19.8,0.418,10.9
33,Harrison Barnes,PF-SF,26,TOT,77,32.9,0.42,16.4
34,Will Barton,SF,28,DEN,43,27.7,0.402,11.5
35,Keita Bates-Diop,SF,23,MIN,30,16.8,0.423,5
36,Nicolas Batum,SF,30,CHO,75,31.4,0.45,9.3
37,Jerryd Bayless,PG,30,MIN,34,19.3,0.357,6.1
38,Aron Baynes,C,32,BOS,51,16.1,0.471,5.6
39,Kent Bazemore,SG,29,ATL,67,24.5,0.402,11.6
40,Bradley Beal,SG,25,WAS,82,36.9,0.475,25.6
41,Malik Beasley,SG,22,DEN,81,23.2,0.474,11.3
42,Michael Beasley,PF,30,LAL,26,10.7,0.49,7
43,Marco Belinelli,SG,32,SAS,79,23,0.413,10.5
44,Jordan Bell,C,24,GSW,68,11.6,0.516,3.3
45,DeAndre' Bembry,SG,24,ATL,82,23.5,0.446,8.4
46,Dragan Bender,PF,21,PHO,46,18,0.447,5
47,Dairis Bert¨¡ns,SG,29,NOP,12,13.9,0.255,2.8
48,D¨¡vis Bert¨¡ns,PF,26,SAS,76,21.5,0.45,8
49,Patrick Beverley,PG,30,LAC,78,27.4,0.407,7.6
50,Khem Birch,C,26,ORL,50,12.9,0.603,4.8
51,Bismack Biyombo,C,26,CHO,54,14.5,0.571,4.4
52,Nemanja Bjelica,PF,30,SAC,77,23.2,0.479,9.6
53,Antonio Blakeney,SG,22,CHI,57,14.5,0.419,7.3
54,Eric Bledsoe,PG,29,MIL,78,29.1,0.484,15.9
55,Jaron Blossomgame,SF,25,CLE,27,16.3,0.443,4.2
56,Bogdan Bogdanovi?,SG,26,SAC,70,27.8,0.418,14.1
57,Bojan Bogdanovi?,SF,29,IND,81,31.8,0.497,18
58,Andrew Bogut,C,34,GSW,11,12.2,0.5,3.5
59,Jonah Bolden,PF,23,PHI,44,14.5,0.494,4.7
60,Isaac Bonga,PG,19,LAL,22,5.5,0.152,0.9
61,Devin Booker,SG,22,PHO,64,35,0.467,26.6
62,Chris Boucher,PF,26,TOR,28,5.8,0.447,3.3
63,Avery Bradley,SG,28,TOT,63,30.2,0.408,9.9
64,Tony Bradley,C,21,UTA,3,12,0.5,5.7
65,Corey Brewer,SF,32,TOT,31,15.9,0.431,4.9
66,Mikal Bridges,SF,22,PHO,82,29.5,0.43,8.3
67,Miles Bridges,SF,20,CHO,80,21.2,0.464,7.5
68,Isaiah Briscoe,PG,22,ORL,39,14.3,0.399,3.5
69,Ryan Broekhoff,SG,28,DAL,42,10.8,0.452,4
70,Malcolm Brogdon,SG,26,MIL,64,28.6,0.505,15.6
71,Dillon Brooks,SF,23,MEM,18,18.3,0.402,7.5
72,MarShon Brooks,SG,30,MEM,29,13.3,0.45,6.6
73,Bruce Brown,SG,22,DET,74,19.6,0.398,4.3
74,Jaylen Brown,SG,22,BOS,74,25.9,0.465,13
75,Lorenzo Brown,PG,28,TOR,26,8.2,0.324,2.1
76,Sterling Brown,SG,23,MIL,58,17.8,0.465,6.4
77,Troy Brown Jr.,SF,19,WAS,52,14,0.415,4.8
78,Jalen Brunson,PG,22,DAL,73,21.8,0.467,9.3
79,Thomas Bryant,C,21,WAS,72,20.8,0.616,10.5
80,Reggie Bullock,SG,27,TOT,63,29.8,0.412,11.3
81,Trey Burke,PG,26,TOT,58,19.4,0.431,10.9
82,Alec Burks,SG,27,TOT,64,21.5,0.405,8.8
83,Deonte Burton,SG,25,OKC,32,7.5,0.402,2.6
84,Jimmy Butler,SF-SG,29,TOT,65,33.6,0.462,18.7
85,Bruno Caboclo,PF,23,MEM,34,23.5,0.427,8.3
86,Jos¨¦ Calder¨®n,PG,37,DET,49,12.9,0.375,2.3
87,Kentavious Caldwell-Pope,SG,25,LAL,82,24.8,0.43,11.4
88,Isaiah Canaan,PG,27,TOT,30,21,0.39,6
89,Clint Capela,C,24,HOU,67,33.6,0.648,16.6
90,DeMarre Carroll,PF,32,BRK,67,25.4,0.395,11.1
91,Jevon Carter,PG,23,MEM,39,14.8,0.303,4.4
92,Vince Carter,PF,42,ATL,76,17.5,0.419,7.4
93,Wendell Carter Jr.,C,19,CHI,44,25.2,0.485,10.3
94,Michael Carter-Williams,PG,27,TOT,28,13.3,0.374,4.8
95,Alex Caruso,PG,24,LAL,25,21.2,0.445,9.2
96,Omri Casspi,SF,30,MEM,36,14.4,0.534,6.3
97,Willie Cauley-Stein,C,25,SAC,81,27.3,0.556,11.9
98,Troy Caupain,PG,23,ORL,4,4,0.5,2.5
99,Tyler Cavanaugh,PF,24,UTA,11,3.5,0.3,0.8
100,Tyson Chandler,C,36,TOT,55,15.9,0.616,3.1
101,Wilson Chandler,PF-SF,31,TOT,51,23.1,0.418,6
102,Joe Chealey,PG,23,CHO,1,8,0.333,2
103,Chris Chiozza,PG,23,HOU,7,4.7,0.25,0.9
104,Marquese Chriss,PF,21,TOT,43,11.6,0.372,4.2
105,Gary Clark,PF,24,HOU,51,12.6,0.331,2.9
106,Ian Clark,SG,27,NOP,60,16.2,0.394,6.7
107,Jordan Clarkson,SG,26,CLE,81,27.3,0.448,16.8
108,John Collins,PF,21,ATL,61,30,0.56,19.5
109,Zach Collins,C,21,POR,77,17.6,0.473,6.6
110,Darren Collison,PG,31,IND,76,28.2,0.467,11.2
111,Bonzie Colson,SF,23,MIL,8,12.3,0.333,4.9
112,Mike Conley,PG,31,MEM,70,33.5,0.438,21.1
113,Pat Connaughton,SG,26,MIL,61,20.7,0.466,6.9
114,Quinn Cook,PG,25,GSW,74,14.3,0.465,6.9
115,DeMarcus Cousins,C,28,GSW,30,25.7,0.48,16.3
116,Robert Covington,SF,28,TOT,35,34.4,0.431,13.3
117,Allen Crabbe,SG,26,BRK,43,26.3,0.367,9.6
118,Torrey Craig,SF,28,DEN,75,20,0.442,5.7
119,Jamal Crawford,SG,38,PHO,64,18.9,0.397,7.9
120,Mitch Creek,SF,26,TOT,5,9.6,0.5,4.2
121,Jae Crowder,SF,28,UTA,80,27.1,0.399,11.9
122,Dante Cunningham,PF,31,SAS,64,14.5,0.475,3
123,Seth Curry,SG,28,POR,74,18.9,0.456,7.9
124,Stephen Curry,PG,30,GSW,69,33.8,0.472,27.3
125,Troy Daniels,SG,27,PHO,51,14.9,0.411,6.2
126,Anthony Davis,C,25,NOP,56,33,0.517,25.9
127,Deyonta Davis,C,22,ATL,9,13.1,0.682,4
128,Ed Davis,C,29,BRK,81,17.9,0.616,5.8
129,Tyler Davis,C,21,OKC,1,1,0,0
130,Dewayne Dedmon,C,29,ATL,64,25.1,0.492,10.8
131,Sam Dekker,PF,24,TOT,47,16.8,0.469,6.1
132,¨¢ngel Delgado,C,24,LAC,2,7.5,0.2,1.5
133,Matthew Dellavedova,PG,28,TOT,48,16.9,0.405,5.9
134,Luol Deng,SF,33,MIN,22,17.8,0.5,7.1
135,DeMar DeRozan,SG,29,SAS,77,34.9,0.481,21.2
136,Marcus Derrickson,PF,22,GSW,11,6.1,0.485,4.2
137,Cheick Diallo,PF,22,NOP,64,14,0.62,6
138,Hamidou Diallo,SG,20,OKC,51,10.3,0.455,3.7
139,Gorgui Dieng,C,29,MIN,76,13.6,0.501,6.4
140,Spencer Dinwiddie,PG,25,BRK,68,28.1,0.442,16.8
141,Donte DiVincenzo,SG,22,MIL,27,15.2,0.403,4.9
142,Luka Don?i?,SG,19,DAL,72,32.2,0.427,21.2
143,Tyler Dorsey,SG,22,TOT,48,14.5,0.405,6.2
144,Damyean Dotson,SG,24,NYK,73,27.5,0.415,10.7
145,PJ Dozier,SG,22,BOS,6,8.5,0.381,3.2
146,Goran Dragi?,PG,32,MIA,36,27.5,0.413,13.7
147,Andre Drummond,C,25,DET,79,33.5,0.533,17.3
148,Jared Dudley,PF,33,BRK,59,20.7,0.423,4.9
149,Kris Dunn,PG,24,CHI,46,30.2,0.425,11.3
150,Kevin Durant,SF,30,GSW,78,34.6,0.521,26
151,Trevon Duval,PG,20,MIL,3,2,0.667,1.7
152,Vince Edwards,SF,22,HOU,2,8,0.25,1.5
153,Henry Ellenson,PF,22,TOT,19,13.6,0.411,6
154,Wayne Ellington,SG,31,TOT,53,24.5,0.403,10.3
155,Joel Embiid,C,24,PHI,64,33.7,0.484,27.5
156,James Ennis,SF,28,TOT,58,21.2,0.469,6.7
157,Drew Eubanks,PF,21,SAS,23,4.9,0.577,1.8
158,Jacob Evans,SG,21,GSW,30,6.8,0.34,1.3
159,Jawun Evans,PG,22,TOT,8,8.1,0.214,0.8
160,Tyreke Evans,SG,29,IND,69,20.3,0.389,10.2
161,Dante Exum,PG,23,UTA,42,15.8,0.419,6.9
162,Kenneth Faried,C,29,TOT,37,19.7,0.589,10.4
163,Derrick Favors,C,27,UTA,76,23.2,0.586,11.8
164,Cristiano Fel¨ªcio,C,26,CHI,60,12.4,0.531,4
165,Raymond Felton,PG,34,OKC,33,11.5,0.407,4.3
166,Terrance Ferguson,SG,20,OKC,74,26.1,0.429,6.9
167,Yogi Ferrell,PG,25,SAC,71,15,0.435,5.9
168,Dorian Finney-Smith,SF,25,DAL,81,24.5,0.432,7.5
169,Bryn Forbes,SG,25,SAS,82,28,0.456,11.8
170,Evan Fournier,SG,26,ORL,81,31.5,0.438,15.1
171,De'Aaron Fox,PG,21,SAC,81,31.4,0.458,17.3
172,Melvin Frazier,SG,22,ORL,10,4.4,0.333,1.5
173,Tim Frazier,PG,28,TOT,59,19,0.444,5.3
174,Jimmer Fredette,SG,29,PHO,6,10.8,0.276,3.7
175,Channing Frye,C,35,CLE,36,9.5,0.368,3.6
176,Markelle Fultz,SG,20,PHI,19,22.5,0.419,8.2
177,Danilo Gallinari,SF,30,LAC,68,30.3,0.463,19.8
178,Langston Galloway,SG,27,DET,80,21.8,0.388,8.4
179,Billy Garrett,SG,24,NYK,4,15.8,0.407,6.5
180,Marc Gasol,C,34,TOT,79,30.8,0.448,13.6
181,Pau Gasol,C,38,TOT,30,12,0.447,3.9
182,Rudy Gay,PF,32,SAS,69,26.7,0.504,13.7
183,Paul George,SF,28,OKC,77,36.9,0.438,28
184,Taj Gibson,PF,33,MIN,70,24.1,0.566,10.8
185,Harry Giles,PF,20,SAC,58,14.1,0.503,7
186,Shai Gilgeous-Alexander,PG,20,LAC,82,26.5,0.476,10.8
187,Rudy Gobert,C,26,UTA,81,31.8,0.669,15.9
188,Brandon Goodwin,PG,23,DEN,16,3.6,0.261,1.4
189,Aaron Gordon,PF,23,ORL,78,33.8,0.449,16
190,Eric Gordon,SG,30,HOU,68,31.7,0.409,16.2
191,Marcin Gortat,C,34,LAC,47,16,0.532,5
192,Devonte' Graham,PG,23,CHO,46,14.7,0.343,4.7
193,Treveon Graham,SG,25,BRK,35,20.4,0.335,5.3
194,Jerami Grant,PF,24,OKC,80,32.7,0.497,13.6
195,Jerian Grant,PG,26,ORL,60,15.7,0.418,4.2
196,Donte Grantham,SF,23,OKC,3,0.7,0,0
197,Danny Green,SG,31,TOR,80,27.7,0.465,10.3
198,Draymond Green,PF,28,GSW,66,31.3,0.445,7.4
199,Gerald Green,SG,33,HOU,73,20.2,0.4,9.2
200,JaMychal Green,PF,28,TOT,65,21.1,0.483,9.4
201,Jeff Green,PF,32,WAS,77,27.2,0.475,12.3
202,Blake Griffin,PF,29,DET,75,35,0.462,24.5
203,Daniel Hamilton,SG,23,ATL,19,10.7,0.383,3
204,Dusty Hannahs,SG,25,MEM,2,13,0.25,4
205,Tim Hardaway Jr.,SG,26,TOT,65,31.6,0.393,18.1
206,James Harden,PG,29,HOU,78,36.8,0.442,36.1
207,Maurice Harkless,SF,25,POR,60,23.6,0.487,7.7
208,Montrezl Harrell,C,25,LAC,82,26.3,0.615,16.6
209,Devin Harris,PG,35,DAL,68,15.8,0.38,6.3
210,Gary Harris,SG,24,DEN,57,28.8,0.424,12.9
211,Joe Harris,SG,27,BRK,76,30.2,0.5,13.7
212,Tobias Harris,PF,26,TOT,82,34.7,0.487,20
213,Andrew Harrison,PG,24,TOT,17,11,0.302,3.2
214,Shaquille Harrison,SG,25,CHI,73,19.6,0.432,6.5
215,Josh Hart,SG,23,LAL,67,25.6,0.407,7.8
216,Isaiah Hartenstein,PF,20,HOU,28,7.9,0.488,1.9
217,Udonis Haslem,C,38,MIA,10,7.4,0.333,2.5
218,Gordon Hayward,PF,28,BOS,72,25.9,0.466,11.5
219,John Henson,C,28,MIL,14,13.4,0.463,5.6
220,Juan Hernang¨®mez,PF,23,DEN,70,19.4,0.439,5.8
221,Willy Hernang¨®mez,C,24,CHO,58,14,0.519,7.3
222,Mario Hezonja,SF,23,NYK,58,20.8,0.412,8.8
223,Isaiah Hicks,PF,24,NYK,3,10.7,0.5,4
224,Buddy Hield,SG,26,SAC,82,31.9,0.458,20.7
225,Haywood Highsmith,SF,22,PHI,5,8,0.4,1.8
226,Nen¨º,C,36,HOU,42,13,0.517,3.6
227,George Hill,PG,32,TOT,60,21.7,0.452,7.6
228,Solomon Hill,SF,27,NOP,44,20,0.382,4.3
229,Aaron Holiday,PG,22,IND,50,12.9,0.401,5.9
230,Jrue Holiday,SG,28,NOP,67,35.9,0.472,21.2
231,Justin Holiday,SG,29,TOT,82,31.8,0.386,10.5
232,John Holland,SF,30,CLE,1,1,,0
233,Rondae Hollis-Jefferson,SF,24,BRK,59,20.9,0.411,8.9
234,Richaun Holmes,C,25,PHO,70,16.9,0.608,8.2
235,Rodney Hood,SG,26,TOT,72,26.3,0.435,11.2
236,Al Horford,C,32,BOS,68,29,0.535,13.6
237,Danuel House,SF,25,HOU,39,25.1,0.468,9.4
238,Dwight Howard,C,33,WAS,9,25.6,0.623,12.8
239,Kevin Huerter,SG,20,ATL,75,27.3,0.419,9.7
240,Isaac Humphries,C,21,ATL,5,11.2,0.286,3
241,R.J. Hunter,SG,25,BOS,1,26,0.462,17
242,Chandler Hutchison,SF,22,CHI,44,20.3,0.459,5.2
243,Serge Ibaka,C,29,TOR,74,27.2,0.529,15
244,Andre Iguodala,SF,35,GSW,68,23.2,0.5,5.7
245,Ersan ?lyasova,PF,31,MIL,67,18.4,0.438,6.8
246,Joe Ingles,PF,31,UTA,82,31.3,0.448,12.1
247,Andre Ingram,SG,33,LAL,4,3.8,0,0
248,Brandon Ingram,SF,21,LAL,52,33.8,0.497,18.3
249,Kyrie Irving,PG,26,BOS,67,33,0.487,23.8
250,Jonathan Isaac,PF,21,ORL,75,26.6,0.429,9.6
251,Wesley Iwundu,SF,24,ORL,68,18.1,0.412,5
252,Demetrius Jackson,PG,24,PHI,6,6.5,0.533,3.7
253,Frank Jackson,PG,20,NOP,61,19.2,0.434,8.1
254,Jaren Jackson Jr.,PF,19,MEM,58,26.1,0.506,13.8
255,Josh Jackson,SG,21,PHO,79,25.2,0.413,11.5
256,Justin Jackson,SF,23,TOT,81,19.9,0.447,7.2
257,Reggie Jackson,PG,28,DET,82,27.9,0.421,15.4
258,LeBron James,SF,34,LAL,55,35.2,0.51,27.4
259,Amile Jefferson,PF,25,ORL,12,5.7,0.625,2.3
260,John Jenkins,SG,27,TOT,26,12.8,0.4,4.7
261,Jonas Jerebko,PF,31,GSW,73,16.7,0.459,6.3
262,Alize Johnson,PF,22,IND,14,4.6,0.25,0.9
263,Amir Johnson,C,31,PHI,51,10.4,0.503,3.9
264,B.J. Johnson,SF,23,TOT,7,7,0.5,3.3
265,James Johnson,PF,31,MIA,55,21.2,0.433,7.8
266,Stanley Johnson,SF,22,TOT,66,18.3,0.389,6.9
267,Tyler Johnson,PG,26,TOT,57,26.8,0.413,10.9
268,Wesley Johnson,SF,31,TOT,38,14.1,0.352,3.4
269,Nikola Joki?,C,23,DEN,80,31.3,0.511,20.1
270,Damian Jones,C,23,GSW,24,17.1,0.716,5.4
271,Derrick Jones Jr.,SF,21,MIA,60,19.2,0.494,7
272,Jalen Jones,SF,25,CLE,16,13.4,0.419,5.1
273,Jemerrio Jones,SF,23,LAL,6,23.8,0.364,4.5
274,Terrence Jones,PF,27,HOU,2,2.5,0.25,1
275,Tyus Jones,PG,22,MIN,68,22.9,0.415,6.9
276,DeAndre Jordan,C,30,TOT,69,29.7,0.641,11
277,Cory Joseph,PG,27,IND,82,25.2,0.412,6.5
278,Frank Kaminsky,C,25,CHO,47,16.1,0.463,8.6
279,Enes Kanter,C,26,TOT,67,24.5,0.549,13.7
280,Luke Kennard,SG,22,DET,63,22.8,0.438,9.7
281,Michael Kidd-Gilchrist,PF,25,CHO,64,18.4,0.476,6.7
282,George King,SF,25,PHO,1,6,,0
283,Maxi Kleber,PF,27,DAL,71,21.2,0.453,6.8
284,Brandon Knight,PG,27,TOT,39,18.9,0.381,6.8
285,Kevin Knox,PF,19,NYK,75,28.8,0.37,12.8
286,Furkan Korkmaz,SG,21,PHI,48,14.1,0.4,5.8
287,Luke Kornet,PF,23,NYK,46,17,0.378,7
288,Kyle Korver,SG-PF,37,TOT,70,19.1,0.416,8.6
289,Kosta Koufos,C,29,SAC,42,12,0.477,3.7
290,Rodions Kurucs,SF,20,BRK,63,20.5,0.45,8.5
291,Kyle Kuzma,PF,23,LAL,70,33.1,0.456,18.7
292,Skal Labissi¨¨re,PF,22,TOT,22,8,0.531,3
293,Jeremy Lamb,SG,26,CHO,79,28.5,0.44,15.3
294,Zach LaVine,SG,23,CHI,63,34.5,0.467,23.7
295,Jake Layman,SF,24,POR,71,18.7,0.509,7.6
296,T.J. Leaf,PF,21,IND,58,9,0.541,3.9
297,Courtney Lee,SG,33,TOT,34,12.6,0.411,4
298,Damion Lee,SG,26,GSW,32,11.7,0.441,4.9
299,Walt Lemon Jr.,PG,26,CHI,6,27.8,0.437,14.3
300,Alex Len,C,25,ATL,77,20.1,0.494,11.1
301,Kawhi Leonard,SF,27,TOR,60,34,0.496,26.6
302,Meyers Leonard,C,26,POR,61,14.4,0.545,5.9
303,Jon Leuer,PF,29,DET,41,9.8,0.584,3.8
304,Caris LeVert,SF,24,BRK,40,26.6,0.429,13.7
305,Damian Lillard,PG,28,POR,80,35.5,0.444,25.8
306,Jeremy Lin,PG,30,TOT,74,19.4,0.44,9.6
307,Shaun Livingston,PG,33,GSW,64,15.1,0.519,4
308,Zach Lofton,SG,26,DET,1,4,0,0
309,Kevon Looney,C,22,GSW,80,18.5,0.625,6.3
310,Brook Lopez,C,30,MIL,81,28.7,0.452,12.5
311,Robin Lopez,C,30,CHI,74,21.7,0.568,9.5
312,Kevin Love,PF,30,CLE,22,27.2,0.385,17
313,Kyle Lowry,PG,32,TOR,65,34,0.411,14.2
314,Jordan Loyd,PG,25,TOR,12,4.6,0.444,2.4
315,Kalin Lucas,PG,29,DET,1,6,0,2
316,Timoth¨¦ Luwawu-Cabarrot,SF,23,TOT,50,13.4,0.376,4.6
317,Tyler Lydon,PF,22,DEN,25,3.8,0.5,0.9
318,Trey Lyles,PF,23,DEN,64,17.5,0.418,8.5
319,Scott Machado,PG,28,LAL,4,4.8,0.667,2.5
320,Shelvin Mack,PG,28,TOT,57,21.9,0.404,7.5
321,Daryl Macon,SG,23,DAL,8,11.3,0.37,3.6
322,J.P. Macura,SG,23,CHO,2,8.5,0.333,3
323,Ian Mahinmi,C,32,WAS,34,14.6,0.452,4.1
324,Thon Maker,C-PF,21,TOT,64,15.2,0.407,5
325,Boban Marjanovi?,C,30,TOT,58,11.7,0.615,7.3
326,Lauri Markkanen,PF,21,CHI,52,32.3,0.43,18.7
327,Jarell Martin,PF,24,ORL,42,7.8,0.413,2.7
328,Frank Mason III,PG,24,SAC,38,11.4,0.42,5.1
329,Yante Maten,PF,22,MIA,2,6.5,0.25,1
330,Wesley Matthews,SF-SG,32,TOT,69,30.3,0.4,12.2
331,Luc Mbah a Moute,PF,32,LAC,4,15.3,0.444,5
332,Tahjere McCall,SG,24,BRK,1,8,0.667,4
333,Patrick McCaw,SG,23,TOT,29,13.7,0.413,2.6
334,CJ McCollum,SG,27,POR,70,33.9,0.459,21
335,T.J. McConnell,PG,26,PHI,76,19.3,0.525,6.4
336,Doug McDermott,SF,27,IND,77,17.4,0.491,7.3
337,JaVale McGee,C,31,LAL,75,22.3,0.624,12
338,Rodney McGruder,SG,27,MIA,66,23.5,0.403,7.6
339,Alfonzo McKinnie,SF,26,GSW,72,13.9,0.487,4.7
340,Ben McLemore,SG,25,SAC,19,8.3,0.391,3.9
341,Jordan McRae,SG,27,WAS,27,12.3,0.469,5.9
342,Jodie Meeks,SG,31,TOR,8,13,0.538,6.4
343,Salah Mejri,C,32,DAL,36,11.1,0.491,3.9
344,De'Anthony Melton,PG,20,PHO,50,19.7,0.391,5
345,Chimezie Metu,PF,21,SAS,29,5,0.328,1.8
346,Khris Middleton,SF,27,MIL,77,31.1,0.441,18.3
347,C.J. Miles,SF,31,TOT,53,16.2,0.36,6.4
348,Darius Miller,SF,28,NOP,69,25.5,0.39,8.2
349,Malcolm Miller,SF,25,TOR,10,6.7,0.423,3.5
350,Patty Mills,PG,30,SAS,82,23.3,0.425,9.9
351,Paul Millsap,PF,33,DEN,70,27.1,0.484,12.6
352,Shake Milton,SG,22,PHI,20,13.4,0.391,4.4
353,Nikola Miroti?,PF,27,TOT,46,27.1,0.439,15.2
354,Donovan Mitchell,SG,22,UTA,77,33.7,0.432,23.8
355,Naz Mitrou-Long,SG,25,UTA,14,6,0.3,1.1
356,Malik Monk,SG,20,CHO,73,17.2,0.387,8.9
357,Greg Monroe,C,28,TOT,43,11.2,0.487,5.3
358,E'Twaun Moore,SG,29,NOP,53,27.6,0.481,11.9
359,Eric Moreland,PF,27,TOT,5,8.6,0.429,1.4
360,Jaylen Morris,SG,23,MIL,4,7.3,0.4,2.5
361,Marcus Morris,PF,29,BOS,75,27.9,0.447,13.9
362,Markieff Morris,PF,29,TOT,58,21.9,0.421,9.4
363,Monte Morris,PG,23,DEN,82,24,0.493,10.4
364,Donatas Motiej¨±nas,PF,28,SAS,3,4.3,0.5,2
365,Johnathan Motley,PF,23,LAC,22,7.1,0.534,4.6
366,Emmanuel Mudiay,PG,22,NYK,59,27.2,0.446,14.8
367,Jamal Murray,PG,21,DEN,75,32.6,0.437,18.2
368,D?anan Musa,SG,19,BRK,9,4.3,0.409,2.1
369,Mike Muscala,PF,27,TOT,64,20.4,0.402,7
370,Sviatoslav Mykhailiuk,SF,21,TOT,42,10.5,0.329,3.2
371,Abdel Nader,SF,25,OKC,61,11.4,0.423,4
372,Larry Nance Jr.,C,26,CLE,67,26.8,0.52,9.4
373,Shabazz Napier,PG,27,BRK,56,17.6,0.389,9.4
374,Raul Neto,PG,26,UTA,37,12.8,0.46,5.3
375,Georges Niang,PF,25,UTA,59,8.7,0.475,4
376,Joakim Noah,C,33,MEM,42,16.5,0.516,7.1
377,Nerlens Noel,C,24,OKC,77,13.7,0.587,4.9
378,Dirk Nowitzki,PF,40,DAL,51,15.6,0.359,7.3
379,Frank Ntilikina,PG,20,NYK,43,21,0.337,5.7
380,James Nunnally,SF,28,TOT,15,6.8,0.353,2.4
381,Jusuf Nurki?,C,24,POR,72,27.4,0.508,15.6
382,David Nwaba,SG,26,CLE,51,19.3,0.481,6.5
383,Royce O'Neale,SF,25,UTA,82,20.4,0.475,5.2
384,Kyle O'Quinn,C,28,IND,45,8.2,0.507,3.5
385,Semi Ojeleye,PF,24,BOS,56,10.6,0.424,3.3
386,Jahlil Okafor,C,23,NOP,59,15.8,0.586,8.2
387,Elie Okobo,PG,21,PHO,53,18.1,0.393,5.7
388,Josh Okogie,SG,20,MIN,74,23.7,0.386,7.7
389,Victor Oladipo,SG,26,IND,36,31.9,0.423,18.8
390,Kelly Olynyk,PF,27,MIA,79,22.9,0.463,10
391,Cedi Osman,SF,23,CLE,76,32.2,0.427,13
392,Kelly Oubre Jr.,SF,23,TOT,69,28,0.445,15.2
393,Zaza Pachulia,C,34,DET,68,12.9,0.44,3.9
394,Jabari Parker,PF,23,TOT,64,26.9,0.493,14.5
395,Tony Parker,PG,36,CHO,56,17.9,0.46,9.5
396,Chandler Parsons,SF,30,MEM,25,19.8,0.374,7.5
397,Patrick Patterson,PF,29,OKC,63,13.7,0.374,3.6
398,Justin Patton,C,21,PHI,3,7,0.286,1.7
399,Chris Paul,PG,33,HOU,58,32,0.419,15.6
400,Cameron Payne,PG,24,TOT,40,17.8,0.43,6.3
401,Elfrid Payton,PG,24,NOP,42,29.8,0.434,10.6
402,Gary Payton II,PG,26,WAS,3,5.3,0.625,3.7
403,Theo Pinson,SG,23,BRK,18,11.7,0.342,4.5
404,Mason Plumlee,C,28,DEN,82,21.1,0.593,7.8
405,Miles Plumlee,C,30,ATL,18,9.6,0.667,4.4
406,Jakob Poeltl,C,23,SAS,77,16.5,0.645,5.5
407,Quincy Pondexter,SF,30,SAS,53,5.5,0.5,1.8
408,Otto Porter,SF,25,TOT,56,30.1,0.465,13.9
409,Bobby Portis,PF,23,TOT,50,26,0.444,14.2
410,Dwight Powell,C,27,DAL,77,21.6,0.597,10.6
411,Norman Powell,SG,25,TOR,60,18.8,0.483,8.6
412,Alex Poythress,PF,25,ATL,21,14.5,0.494,5.1
413,Taurean Prince,SF,24,ATL,55,28.2,0.441,13.5
414,Zhou Qi,PF,23,HOU,1,1,1,2
415,Ivan Rabb,PF,21,MEM,49,14.7,0.547,5.8
416,Chasson Randle,PG,25,WAS,49,15.2,0.419,5.5
417,Julius Randle,PF,24,NOP,73,30.6,0.524,21.4
418,J.J. Redick,SG,34,PHI,76,31.3,0.44,18.1
419,Davon Reed,SG,23,IND,10,4.7,0.417,1.2
420,Cameron Reynolds,SG,23,MIN,19,13.6,0.423,5
421,Josh Richardson,SG,25,MIA,73,34.8,0.412,16.6
422,Malachi Richardson,SG,23,TOR,22,4.7,0.31,1.4
423,Austin Rivers,SG,26,TOT,76,26.7,0.406,8.1
424,Devin Robinson,SF,23,WAS,7,13.6,0.594,6.7
425,Duncan Robinson,SF,24,MIA,15,10.7,0.391,3.3
426,Glenn Robinson III,SF,25,DET,47,13,0.42,4.2
427,Jerome Robinson,SG,21,LAC,33,9.7,0.4,3.4
428,Mitchell Robinson,C,20,NYK,66,20.6,0.694,7.3
429,Rajon Rondo,PG,32,LAL,46,29.8,0.405,9.2
430,Derrick Rose,PG,30,MIN,51,27.3,0.482,18
431,Terrence Ross,SG,27,ORL,81,26.5,0.428,15.1
432,Terry Rozier,PG,24,BOS,79,22.7,0.387,9
433,Ricky Rubio,PG,28,UTA,68,27.9,0.404,12.7
434,D'Angelo Russell,PG,22,BRK,81,30.2,0.434,21.1
435,Domantas Sabonis,C,22,IND,74,24.8,0.59,14.1
436,Brandon Sampson,SG,21,CHI,14,15.3,0.467,5.1
437,JaKarr Sampson,SF,25,CHI,4,31.8,0.537,20
438,Dario ?ari?,PF,24,TOT,81,25,0.437,10.6
439,Tom¨¢? Satoransky,PG,27,WAS,80,27.1,0.485,8.9
440,Dennis Schr?der,PG,25,OKC,79,29.3,0.414,15.5
441,Mike Scott,PF,30,TOT,79,17.7,0.4,5.8
442,Thabo Sefolosha,SF,34,UTA,50,12.2,0.477,3.8
443,Wayne Selden,SG,24,TOT,75,19.2,0.406,6.9
444,Collin Sexton,PG,20,CLE,82,31.8,0.43,16.7
445,Landry Shamet,SG,21,TOT,79,22.8,0.431,9.1
446,Iman Shumpert,SG,28,TOT,62,23.9,0.374,7.5
447,Pascal Siakam,PF,24,TOR,80,31.9,0.549,16.9
448,Jordan Sibert,SG,26,ATL,1,4,1,3
449,Ben Simmons,PG,22,PHI,79,34.2,0.563,16.9
450,Jonathon Simmons,SG-SF,29,TOT,56,19,0.38,6.5
451,Kobi Simmons,PG,21,CLE,1,2,,0
452,Anfernee Simons,SG,19,POR,20,7.1,0.444,3.8
453,Marcus Smart,SG,24,BOS,80,27.5,0.422,8.9
454,Dennis Smith Jr.,PG,21,TOT,53,28.5,0.428,13.6
455,Ish Smith,PG,30,DET,56,22.3,0.419,8.9
456,J.R. Smith,SG,33,CLE,11,20.2,0.342,6.7
457,Jason Smith,PF-C,32,TOT,20,9.5,0.356,3.3
458,Zhaire Smith,SG,19,PHI,6,18.5,0.412,6.7
459,Tony Snell,SF,27,MIL,74,17.6,0.452,6
460,Ray Spalding,PF,21,TOT,14,10.6,0.532,3.9
461,Omari Spellman,PF,21,ATL,46,17.5,0.402,5.9
462,Nik Stauskas,SG,25,TOT,68,14.9,0.402,5.9
463,D.J. Stephens,SG,28,MEM,1,7,0.5,2
464,Lance Stephenson,SG,28,LAL,68,16.5,0.426,7.2
465,Edmond Sumner,PG,23,IND,23,9.1,0.344,2.9
466,Caleb Swanigan,PF,21,TOT,21,8.5,0.34,2
467,Jayson Tatum,SF,20,BOS,79,31.1,0.45,15.7
468,Jeff Teague,PG,30,MIN,42,30.1,0.423,12.1
469,Garrett Temple,SG,32,TOT,75,27.2,0.422,7.8
470,Milo? Teodosi?,PG,31,LAC,15,10,0.425,3.2
471,Jared Terrell,SG,23,MIN,14,7.9,0.308,2.2
472,Emanuel Terry,PF,22,TOT,3,7.7,0.571,3.3
473,Daniel Theis,C,26,BOS,66,13.8,0.549,5.7
474,Isaiah Thomas,SG,29,DEN,12,15.1,0.343,8.1
475,Khyri Thomas,SG,22,DET,26,7.5,0.319,2.3
476,Lance Thomas,PF,30,NYK,46,17,0.396,4.5
477,Klay Thompson,SG,28,GSW,78,34,0.467,21.5
478,Tristan Thompson,C,27,CLE,43,27.9,0.529,10.9
479,Sindarius Thornwell,SG,24,LAC,64,4.9,0.347,1
480,Anthony Tolliver,PF,33,MIN,65,16.6,0.382,5
481,Karl-Anthony Towns,C,23,MIN,77,33.1,0.518,24.4
482,Gary Trent Jr.,SG,20,POR,15,7.4,0.32,2.7
483,Allonzo Trier,SG,23,NYK,64,22.8,0.448,10.9
484,P.J. Tucker,PF,33,HOU,82,34.2,0.396,7.3
485,Evan Turner,PG,30,POR,73,22,0.46,6.8
486,Myles Turner,C,22,IND,74,28.6,0.487,13.3
487,Ekpe Udoh,C,31,UTA,51,6.3,0.694,2.3
488,Tyler Ulis,PG,23,CHI,1,1,,0
489,Jonas Valan?i¨±nas,C,26,TOT,49,22.3,0.559,15.6
490,Jarred Vanderbilt,PF,19,DEN,17,4.1,0.474,1.4
491,Fred VanVleet,PG,24,TOR,64,27.5,0.41,11
492,Noah Vonleh,PF,23,NYK,68,25.3,0.47,8.4
493,Nikola Vu?evi?,C,28,ORL,80,31.4,0.518,20.8
494,Dwyane Wade,SG,37,MIA,72,26.2,0.433,15
495,Moritz Wagner,C,21,LAL,43,10.4,0.415,4.8
496,Dion Waiters,SG,27,MIA,44,25.9,0.414,12
497,Kemba Walker,PG,28,CHO,82,34.9,0.434,25.6
498,Lonnie Walker,SG,20,SAS,17,6.9,0.348,2.6
499,John Wall,PG,28,WAS,32,34.5,0.444,20.7
500,Tyrone Wallace,PG,24,LAC,62,10.1,0.424,3.5
501,Brad Wanamaker,PG,29,BOS,36,9.5,0.476,3.9
502,T.J. Warren,SF,25,PHO,43,31.6,0.486,18
503,Julian Washburn,SF,27,MEM,18,14.1,0.333,2.2
504,Yuta Watanabe,SF,24,MEM,15,11.6,0.294,2.6
505,Thomas Welsh,C,22,DEN,11,3.3,0.538,1.6
506,Russell Westbrook,PG,30,OKC,73,36,0.428,22.9
507,Derrick White,PG,24,SAS,67,25.8,0.479,9.9
508,Okaro White,PF,26,WAS,3,2,0,0
509,Hassan Whiteside,C,29,MIA,72,23.3,0.571,12.3
510,Andrew Wiggins,SF,23,MIN,73,34.8,0.412,18.1
511,Alan Williams,PF,26,BRK,5,5.2,0.615,3.6
512,C.J. Williams,SG,28,MIN,15,8.5,0.486,2.6
513,Johnathan Williams,C,23,LAL,24,15.5,0.591,6.5
514,Kenrich Williams,SF,24,NOP,46,23.5,0.384,6.1
515,Lou Williams,SG,32,LAC,75,26.6,0.425,20
516,Marvin Williams,PF,32,CHO,75,28.4,0.422,10.1
517,Robert Williams,C,21,BOS,32,8.8,0.706,2.5
518,Troy Williams,SF,24,SAC,21,14.9,0.449,5.3
519,D.J. Wilson,PF,22,MIL,48,18.4,0.414,5.8
520,Justise Winslow,SF,22,MIA,66,29.7,0.433,12.6
521,Christian Wood,PF,23,TOT,21,12,0.521,8.2
522,Delon Wright,PG,26,TOT,75,22.7,0.434,8.7
523,Guerschon Yabusele,PF,23,BOS,41,6.1,0.455,2.3
524,Nick Young,SG,33,DEN,4,9.3,0.333,2.3
525,Thaddeus Young,PF,30,IND,81,30.7,0.527,12.6
526,Trae Young,PG,20,ATL,81,30.9,0.418,19.1
527,Cody Zeller,C,26,CHO,49,25.4,0.551,10.1
528,Tyler Zeller,C,29,TOT,6,15.5,0.533,7.7
529,Ante ?i?i?,C,22,CLE,59,18.3,0.553,7.8
530,Ivica Zubac,C,21,TOT,59,17.6,0.559,8.9
16,Ryan Anderson,PF,30,PHO,15,18.5,0.317,3.7
16,Ryan Anderson,PF,30,MIA,10,4.4,0.222,0.7
23,Trevor Ariza,SF,33,PHO,26,34,0.379,9.9
23,Trevor Ariza,SF,33,WAS,43,34.1,0.409,14.1
28,Ron Baker,SG,25,NYK,11,9.7,0.25,1.3
28,Ron Baker,SG,25,WAS,4,11.3,0,0
33,Harrison Barnes,PF,26,DAL,49,32.3,0.404,17.7
33,Harrison Barnes,SF,26,SAC,28,33.9,0.455,14.3
63,Avery Bradley,SG,28,LAC,49,29.9,0.383,8.2
63,Avery Bradley,SG,28,MEM,14,31.6,0.463,16.1
65,Corey Brewer,SF,32,PHI,7,20,0.408,7.6
65,Corey Brewer,SF,32,SAC,24,14.7,0.446,4.1
80,Reggie Bullock,SG,27,DET,44,30.8,0.413,12.1
80,Reggie Bullock,SG,27,LAL,19,27.6,0.412,9.3
81,Trey Burke,PG,26,NYK,33,20.9,0.413,11.8
81,Trey Burke,PG,26,DAL,25,17.4,0.463,9.7
82,Alec Burks,SG,27,UTA,17,15.8,0.412,8.4
82,Alec Burks,SG,27,CLE,34,28.8,0.4,11.6
82,Alec Burks,SG,27,SAC,13,9.8,0.45,1.7
84,Jimmy Butler,SG,29,MIN,10,36.1,0.471,21.3
84,Jimmy Butler,SF,29,PHI,55,33.2,0.461,18.2
88,Isaiah Canaan,PG,27,PHO,19,26.5,0.395,7.5
88,Isaiah Canaan,PG,27,MIN,7,13.6,0.379,4.7
88,Isaiah Canaan,PG,27,MIL,4,7.8,0.333,1.5
94,Michael Carter-Williams,PG,27,HOU,16,9.1,0.41,4.3
94,Michael Carter-Williams,PG,27,ORL,12,18.9,0.339,5.4
100,Tyson Chandler,C,36,PHO,7,12.7,0.667,3.7
100,Tyson Chandler,C,36,LAL,48,16.4,0.609,3.1
101,Wilson Chandler,PF,31,PHI,36,26.4,0.44,6.7
101,Wilson Chandler,SF,31,LAC,15,15.1,0.348,4.3
104,Marquese Chriss,PF,21,HOU,16,6.5,0.324,1.8
104,Marquese Chriss,PF,21,CLE,27,14.6,0.384,5.7
116,Robert Covington,SF,28,PHI,13,33.8,0.427,11.3
116,Robert Covington,SF,28,MIN,22,34.7,0.433,14.5
120,Mitch Creek,SF,26,BRK,4,9,0.5,3.8
120,Mitch Creek,SF,26,MIN,1,12,0.5,6
131,Sam Dekker,PF,24,CLE,9,18.8,0.458,6.3
131,Sam Dekker,PF,24,WAS,38,16.3,0.471,6.1
133,Matthew Dellavedova,PG,28,MIL,12,8.1,0.316,1.7
133,Matthew Dellavedova,PG,28,CLE,36,19.9,0.413,7.3
143,Tyler Dorsey,SG,22,ATL,27,9.3,0.36,3.3
143,Tyler Dorsey,SG,22,MEM,21,21.3,0.429,9.8
153,Henry Ellenson,PF,22,DET,2,12.5,0.4,6
153,Henry Ellenson,PF,22,NYK,17,13.8,0.412,6
154,Wayne Ellington,SG,31,MIA,25,21.3,0.375,8.4
154,Wayne Ellington,SG,31,DET,28,27.3,0.421,12
156,James Ennis,SF,28,HOU,40,23.7,0.493,7.4
156,James Ennis,SF,28,PHI,18,15.6,0.41,5.3
159,Jawun Evans,PG,22,PHO,7,9.1,0.231,0.9
159,Jawun Evans,PG,22,OKC,1,1,0,0
162,Kenneth Faried,C,29,BRK,12,9.8,0.595,5.1
162,Kenneth Faried,C,29,HOU,25,24.4,0.587,12.9
173,Tim Frazier,PG,28,NOP,47,19.3,0.451,5
173,Tim Frazier,PG,28,MIL,12,17.6,0.424,6.3
180,Marc Gasol,C,34,MEM,53,33.7,0.444,15.7
180,Marc Gasol,C,34,TOR,26,24.9,0.465,9.1
181,Pau Gasol,C,38,SAS,27,12.2,0.466,4.2
181,Pau Gasol,C,38,MIL,3,10,0.167,1.3
200,JaMychal Green,PF,28,MEM,41,22,0.484,9.8
200,JaMychal Green,PF,28,LAC,24,19.6,0.482,8.7
205,Tim Hardaway Jr.,SG,26,NYK,46,32.6,0.388,19.1
205,Tim Hardaway Jr.,SG,26,DAL,19,29.4,0.404,15.5
212,Tobias Harris,PF,26,LAC,55,34.6,0.496,20.9
212,Tobias Harris,PF,26,PHI,27,35,0.469,18.2
213,Andrew Harrison,PG,24,MEM,1,5,0.5,2
213,Andrew Harrison,PG,24,CLE,10,14.4,0.308,4.3
213,Andrew Harrison,PG,24,NOP,6,6.3,0.25,1.5
227,George Hill,PG,32,CLE,13,26.5,0.514,10.8
227,George Hill,PG,32,MIL,47,20.4,0.428,6.8
231,Justin Holiday,SG,29,CHI,38,34.9,0.383,11.6
231,Justin Holiday,SG,29,MEM,44,29.1,0.389,9.5
235,Rodney Hood,SG,26,CLE,45,27.4,0.427,12.2
235,Rodney Hood,SG,26,POR,27,24.4,0.452,9.6
256,Justin Jackson,SF,23,SAC,52,20.8,0.424,6.7
256,Justin Jackson,SF,23,DAL,29,18.3,0.484,8.2
260,John Jenkins,SG,27,WAS,4,3.5,1,1.5
260,John Jenkins,SG,27,NYK,22,14.5,0.388,5.2
264,B.J. Johnson,SF,23,ATL,6,7.2,0.5,3.5
264,B.J. Johnson,SF,23,SAC,1,6,0.5,2
266,Stanley Johnson,SF,22,DET,48,20,0.381,7.5
266,Stanley Johnson,SF,22,NOP,18,13.7,0.418,5.3
267,Tyler Johnson,PG,26,MIA,44,25.5,0.426,10.8
267,Tyler Johnson,PG,26,PHO,13,31.2,0.368,11.1
268,Wesley Johnson,SF,31,NOP,26,14.5,0.398,3.7
268,Wesley Johnson,SF,31,WAS,12,13.1,0.25,2.8
276,DeAndre Jordan,C,30,DAL,50,31.1,0.644,11
276,DeAndre Jordan,C,30,NYK,19,25.9,0.634,10.9
279,Enes Kanter,C,26,NYK,44,25.6,0.536,14
279,Enes Kanter,C,26,POR,23,22.3,0.577,13.1
284,Brandon Knight,PG,27,HOU,12,9.8,0.234,3
284,Brandon Knight,PG,27,CLE,27,22.9,0.413,8.5
288,Kyle Korver,PF,37,CLE,16,15.7,0.461,6.8
288,Kyle Korver,SG,37,UTA,54,20.1,0.408,9.1
292,Skal Labissi¨¨re,PF,22,SAC,13,8.7,0.433,2.8
292,Skal Labissi¨¨re,PF,22,POR,9,7,0.684,3.4
297,Courtney Lee,SG,33,NYK,12,13.3,0.447,4.7
297,Courtney Lee,SG,33,DAL,22,12.2,0.39,3.6
306,Jeremy Lin,PG,30,ATL,51,19.7,0.466,10.7
306,Jeremy Lin,PG,30,TOR,23,18.8,0.374,7
316,Timoth¨¦ Luwawu-Cabarrot,SF,23,OKC,21,5.9,0.302,1.7
316,Timoth¨¦ Luwawu-Cabarrot,SF,23,CHI,29,18.8,0.394,6.8
320,Shelvin Mack,PG,28,MEM,53,22.7,0.414,7.9
320,Shelvin Mack,PG,28,CHO,4,10.5,0.143,2.3
324,Thon Maker,C,21,MIL,35,11.7,0.44,4.7
324,Thon Maker,PF,21,DET,29,19.4,0.373,5.5
325,Boban Marjanovi?,C,30,LAC,36,10.4,0.607,6.7
325,Boban Marjanovi?,C,30,PHI,22,13.9,0.625,8.2
330,Wesley Matthews,SF,32,DAL,44,29.8,0.414,13.1
330,Wesley Matthews,SG,32,NYK,2,27,0.211,7
330,Wesley Matthews,SG,32,IND,23,31.5,0.386,10.9
333,Patrick McCaw,SG,23,CLE,3,17.7,0.222,1.7
333,Patrick McCaw,SG,23,TOR,26,13.2,0.444,2.7
347,C.J. Miles,SF,31,TOR,40,14.1,0.34,5.5
347,C.J. Miles,SF,31,MEM,13,22.6,0.4,9.3
353,Nikola Miroti?,PF,27,NOP,32,28.9,0.447,16.7
353,Nikola Miroti?,PF,27,MIL,14,22.9,0.415,11.6
357,Greg Monroe,C,28,TOR,38,11.1,0.46,4.8
357,Greg Monroe,C,28,BOS,2,2.5,0.6,3
357,Greg Monroe,C,28,PHI,3,17.3,0.652,13.7
359,Eric Moreland,PF,27,PHO,1,5,,0
359,Eric Moreland,PF,27,TOR,4,9.5,0.429,1.8
362,Markieff Morris,PF,29,WAS,34,26,0.436,11.5
362,Markieff Morris,PF,29,OKC,24,16.1,0.391,6.5
369,Mike Muscala,PF,27,PHI,47,22.1,0.392,7.4
369,Mike Muscala,PF,27,LAL,17,15.6,0.434,5.9
370,Sviatoslav Mykhailiuk,SF,21,LAL,39,10.8,0.333,3.3
370,Sviatoslav Mykhailiuk,SF,21,DET,3,6.7,0.25,2
380,James Nunnally,SF,28,MIN,13,4.9,0.429,2.1
380,James Nunnally,SF,28,HOU,2,19,0.231,4.5
392,Kelly Oubre Jr.,SF,23,WAS,29,26,0.433,12.9
392,Kelly Oubre Jr.,SF,23,PHO,40,29.5,0.453,16.9
394,Jabari Parker,PF,23,CHI,39,26.7,0.474,14.3
394,Jabari Parker,PF,23,WAS,25,27.3,0.523,15
400,Cameron Payne,PG,24,CHI,31,17.3,0.411,5.7
400,Cameron Payne,PG,24,CLE,9,19.6,0.491,8.2
408,Otto Porter,SF,25,WAS,41,29,0.457,12.6
408,Otto Porter,SF,25,CHI,15,32.8,0.483,17.5
409,Bobby Portis,PF,23,CHI,22,24.1,0.45,14.1
409,Bobby Portis,PF,23,WAS,28,27.4,0.44,14.3
423,Austin Rivers,SG,26,WAS,29,23.6,0.392,7.2
423,Austin Rivers,SG,26,HOU,47,28.6,0.413,8.7
438,Dario ?ari?,PF,24,PHI,13,30.5,0.364,11.1
438,Dario ?ari?,PF,24,MIN,68,23.9,0.454,10.5
441,Mike Scott,PF,30,LAC,52,14.4,0.4,4.8
441,Mike Scott,PF,30,PHI,27,24,0.4,7.8
443,Wayne Selden,SG,24,MEM,32,14.2,0.404,5.4
443,Wayne Selden,SG,24,CHI,43,22.9,0.407,8
445,Landry Shamet,SG,21,PHI,54,20.5,0.441,8.3
445,Landry Shamet,SG,21,LAC,25,27.8,0.414,10.9
446,Iman Shumpert,SG,28,SAC,42,26.2,0.382,8.9
446,Iman Shumpert,SG,28,HOU,20,19.1,0.347,4.6
450,Jonathon Simmons,SG,29,ORL,41,20.6,0.364,6.9
450,Jonathon Simmons,SF,29,PHI,15,14.6,0.453,5.5
454,Dennis Smith Jr.,PG,21,DAL,32,28.4,0.44,12.9
454,Dennis Smith Jr.,PG,21,NYK,21,28.6,0.413,14.7
457,Jason Smith,C,32,WAS,12,10.8,0.405,3.7
457,Jason Smith,PF,32,MIL,6,6.7,0.308,2.2
457,Jason Smith,C,32,NOP,2,10,0.222,4
460,Ray Spalding,PF,21,DAL,1,1,,0
460,Ray Spalding,PF,21,PHO,13,11.3,0.532,4.2
462,Nik Stauskas,SG,25,POR,44,15.3,0.419,6.1
462,Nik Stauskas,SG,25,CLE,24,14.3,0.367,5.5
466,Caleb Swanigan,PF,21,POR,18,8.1,0.318,1.9
466,Caleb Swanigan,PF,21,SAC,3,11,0.444,2.7
469,Garrett Temple,SG,32,MEM,49,31.2,0.429,9.4
469,Garrett Temple,SG,32,LAC,26,19.6,0.396,4.7
472,Emanuel Terry,PF,22,PHO,2,10,0.667,4.5
472,Emanuel Terry,PF,22,MIA,1,3,0,1
489,Jonas Valan?i¨±nas,C,26,TOR,30,18.8,0.575,12.8
489,Jonas Valan?i¨±nas,C,26,MEM,19,27.7,0.545,19.9
521,Christian Wood,PF,23,MIL,13,4.8,0.48,2.8
521,Christian Wood,PF,23,NOP,8,23.6,0.533,16.9
522,Delon Wright,PG,26,TOR,49,18.3,0.433,6.9
522,Delon Wright,PG,26,MEM,26,30.8,0.434,12.2
528,Tyler Zeller,C,29,ATL,2,5.5,0,0
528,Tyler Zeller,C,29,MEM,4,20.5,0.571,11.5
530,Ivica Zubac,C,21,LAL,33,15.6,0.58,8.5
530,Ivica Zubac,C,21,LAC,26,20.2,0.538,9.4
